0.5007814924471651,10.955263795913165
0.3896502417850586,10.61232459320572
-0.24248952871655788,10.5389213003795
-1.1096074766273398,9.708211182558413
3.3493452361852074,10.323095945803255
-2.0643575053748826,11.777411687361763
0.40106470939799227,10.03697114936405
0.6101901094735324,10.92546264697953
0.6230761618352377,9.908284899866175
0.015391074677943139,9.11982468907064
-0.9644503628358341,9.009931614656184
0.7563149399772678,10.87150054325849
-0.953405529989296,8.79635459408287
0.6639626293668931,9.986814351115447
0.2564941677897832,8.933432848452298
1.4253185563146389,10.218576188780771
0.7973245598568324,8.681180588610461
0.9772866908044187,8.9963658368024
-0.8726408976616357,10.256043420474324
1.4931780697976058,9.658808004692224
-1.044446294160734,10.632767140751387
1.2897400729165291,10.413026875280552
1.4949386233988529,10.87037612021836
0.19588576948237882,9.55631230971245
-1.27414934844946,9.293900917817487
0.09674350983827879,10.409278596040377
-0.8452971728860346,9.853262698330754
0.19187691329619608,10.82469727165708
0.6597719287213434,12.003379314735815
-0.6214651636081832,10.422976454021143
-0.18093272977876368,9.831344266961612
-0.5857380210495132,10.67273188160054
0.27028286114554806,9.3395955398903
-0.3437252643781568,8.31831145193032
0.9138497590354762,10.35369555203171
0.3972614380063593,10.238595442587755
-0.1490484471273207,8.31936111790286
1.2808080485837707,8.918961795641309
-1.2652364307102235,9.149193287923376
-1.8331217009091327,9.813140377832193
-0.8100662175242058,8.408936840127787
-1.5979100930056573,9.476789797468047
-0.5133803729637127,11.322676197926434
0.1364612066653116,10.73152433724277
0.9194080792299351,9.924470657784001
0.5475193387106377,7.796650438263616
1.5202801142215085,11.016449748035283
0.557066998318339,9.03903990783109
-0.4913491690540885,10.604736791161319
-0.5391708640832586,9.33445617207838
-2.19345643301448,9.58754003744733
0.35350609160225244,9.11750393351666
-0.06147559836437569,10.945976581209534
1.21006220456339,10.793789871808242
1.0386936829831643,8.920413800747944
-0.02729169875752086,11.16102505308052
-0.6671618673136099,11.529670150949663
0.5946990046948256,10.419051578563064
-0.01095358649945714,10.651971022294516
0.9977631564994347,10.726670692799681
0.9313900374168714,9.519769812364343
0.880497984246227,10.899368850432385
-0.6989921560837541,6.947279634896938
0.3690599829933037,8.778758894023351
-1.5772661459596429,9.990071426370687
2.3550668970624375,10.774101809278477
-0.6937101407046526,9.927635285590172
-1.0184045688446517,11.194547828311999
-1.3352997956919606,9.680917725711733
-1.4495419875552427,9.237127423743122
-0.9488154387413397,10.826849742753051
-0.17302893450963094,9.684848849877811
1.4700847147915816,9.307929730727658
-2.205215553205169,9.816088774697777
1.5357748866848737,10.3177718615077
-0.5670342454671697,8.757725268417458
-0.520324932589393,9.973753335267245
0.17376529546606742,8.875866995512371
1.8118107420140908,8.8488779593578
-0.5701544943337749,9.571214125428819
-0.8282381841140042,9.896676251998036
-0.4593800909264153,10.593113059233126
-0.5150430827842276,7.649295710457977
-0.4405091886406745,10.117790515109427
0.6183398345722618,9.887256091908338
-1.5748863756658924,11.05722355148579
0.2609021783144889,9.572465698504587
0.20515673805384943,11.320740756370308
-0.2425723656517941,9.015337082507568
0.28171669721763,9.251827816286449
0.19485715030333972,9.71677016356937
1.063561917293244,10.312171931089573
-0.19770633629937168,9.026833563588625
-0.7349270375997139,9.729737578557842
0.6329484401414295,10.687161488089604
-0.17098285148005746,10.430131078873456
0.3346616307932909,11.716437505511344
-0.20547254215336816,10.1509519574259
-1.9158323771894337,8.087840238571577
-0.1685118612632284,10.98737826697949
0.5548735963591289,9.819568028148689
-1.1007744977154794,10.56938475863281
-0.8375642024980116,9.765208924806565
0.8244329274682457,11.833719528007878
0.5071080773258979,9.938088066227165
-0.3164551084335729,11.002653394329974
0.6996538399735545,11.54012750784386
-0.439754929856192,9.073299983549548
0.07896702640428196,9.908506580199447
-0.5136270656842234,10.231721429696591
-0.8107741691160272,10.587839731865463
-0.4991671671044896,10.391553611704916
-1.0994950342954197,9.818277524386591
0.42470257375696074,10.422098295553232
-1.1776886360883345,10.769288962968512
-0.8805894484702923,9.403700360352838
0.4239806762759768,10.21388789877201
1.1743697887317914,9.496305839302217
0.6170683122806664,10.626123417743635
0.8223211442103999,9.734427628626772
-1.6848324425439294,9.610623915160014
1.430499068179313,9.702301362195442
1.656479738964462,10.015347742296584
-0.32560228264820285,11.68826070787955
0.35932552890518427,8.914281886777658
0.0539404123095084,10.01932075934296
0.2514914460526582,8.372153327139058
0.6435539307497619,11.028279966176871
2.1766600595880727,9.15046207413786
0.4927802511644667,10.004076712897202
-0.48028612585268965,10.219320760351314
0.9766059957204992,8.53719269878461
-0.827089964638524,10.520288835450657
-0.35352576875244907,9.603883708185542
-0.09412433259584511,8.82965591280389
0.2156723324520944,8.764497715167723
0.750570263742172,10.238006927661619
0.7552350324439894,8.775775268939073
2.4024514472920835,10.417668511899345
-0.7310587031083887,9.43381525146835
0.4676551311714933,10.493609081384301
0.9572542340522902,8.874512577664039
-0.4082810823833649,11.8847411159236
-0.7476949249957937,9.950529624629947
0.825070994805088,12.020776413187253
-1.0648460002970686,8.764447770072248
1.169970758969319,11.674887617385645
0.08539086281666369,10.141211786209857
1.2866133461300389,9.33846459659931
0.16332578970716874,11.53925287047004
0.24116090992300562,11.954293259489106
-1.2892828038948727,12.810805479236592
0.32859824351021394,10.092143173343299
0.5057680969065167,11.489570670764616
-1.1590482538972084,9.949549267453571
0.34012298169258426,10.740269330420752
-1.8335007033967337,10.232932174948358
-0.9967569546104993,10.344468660568257
0.025251463029260724,10.26183558417272
1.1391147271342745,11.385229122029294
-0.001874193155971708,10.311478501028526
-0.008650959191000509,9.758892238552171
-0.9344719822022671,11.467657822054079
-0.28737329964616803,9.986955116564465
-0.11416618506712461,9.886979491008137
-1.3313320484284488,9.251743724702877
-1.7780275001834318,12.499968151025918
-0.8978649274566368,10.354679231221994
-0.5485845309992002,9.488400540834
-0.10866750711623162,9.861398495769402
-0.7741974039690263,9.552080293473098
0.3700775070852519,10.046539983979148
-0.7450560603993321,11.300660115129928
0.05006598103189772,9.983152888298632
-2.063429658437881,10.203943642710444
-2.1626169639188215,8.875020281419054
-1.724115838941979,11.02606753759462
-0.5944273417559739,11.138211877137849
0.14014039100511236,10.833420808354715
0.9015331321354266,10.37269574510616
0.5482823397032865,11.187161455277588
-0.8076491010004038,9.860716964382348
0.4017845918865698,8.857510100817716
-0.6582919153461504,10.923471239652562
0.8093148708658398,12.247053995437788
-1.0202607257339023,8.861154661730675
-1.399020191726833,10.684782144995019
0.39750339753260955,9.770929452842482
-1.8067180386469408,11.642368225225988
-0.1661447894188339,10.831545647404221
-0.4673971114081298,10.942329865745675
0.11530911918296595,9.155109516805627
-0.8443287677685223,9.279806735327448
-1.1490076175599633,9.596881235739202
1.8671591694639729,9.321435992618815
1.286663394882825,9.995814431748492
1.8817026493906814,11.005954620049561
1.0663410221034209,11.336931432441862
-0.7894092271452521,9.48962187880005
0.1261783202723638,10.825713574403945
0.45715669048263946,10.62742972204419
1.3009293382782818,9.972539889727493
0.8532756054213138,9.972195710945792
-0.6315729557503106,10.379653924394775
0.0002545147234994854,10.735009035562852
0.45847495986348896,8.025907429375687
1.3521208705384298,10.794865046810367
1.9254278459633087,8.339610877516916
-1.5996739450470647,9.07768925918012
0.3560726336688676,10.864523818207845
-0.37809786877626017,8.465025975308276
1.3260210685960165,9.806712633135419
1.932422585104833,9.475332360352317
-0.5758547258438567,10.077912847294192
-0.2745320074684152,9.976589160078216
2.0114557522596015,9.662516836609424
-0.23385750444166348,11.694723730646672
0.5747906599302303,9.588178803757515
-0.8171867374231859,10.01127053771737
0.525044661437285,9.60914562635097
0.0370627747570108,11.639824563185336
1.1410521696824392,9.87356900725862
-0.22052318604994292,9.18528942468749
-0.1111573876510483,10.107584521328068
0.6330706476475564,10.83763850680756
-0.8308669763310499,9.122766489946782
2.3578191945925813,8.920828918465439
1.5499558077414968,9.904327999654129
0.7499670008973861,8.956761968643091
-0.14045835118224614,10.17881919059843
-0.23019079886887653,12.934206982611531
0.7021226050311544,11.174287186414029
-0.7995651725249607,10.18276091722671
-0.0022341753215049,9.38358873244877
0.23328662481097118,10.993764583702546
-2.168287506145204,10.01126543295296
0.09610652146851219,10.782618553011988
-0.7629549163794854,8.98927288477995
-1.1342822968861308,9.607407255398622
1.7643357704895146,10.667388545585592
0.14886106128781956,9.738373173160499
1.2624073658776984,9.169844232029916
1.241620135607409,9.312644640716359
0.3002699785271709,11.052847481960127
0.3939945851486173,9.299761222403177
1.9972508803482998,10.024823038740772
-1.9229866398758837,9.667502844018495
0.5501206732476477,9.908664673715318
0.436181626352356,10.232818652319953
-2.0381454612883636,8.712532430133148
0.7341822294640817,-9.621611218094236
2.820193458612291,-8.175451182804082
-0.4973183331423848,-8.801389178514851
-0.6445961329428902,-9.722563071892482
0.24013097697310554,-9.80582211162381
0.0842452484163515,-12.227287482183133
-0.3553515747262554,-8.696082693487583
-2.6656834344899734,-10.717045371550302
-1.7301900493631894,-8.896012752487499
0.7129140926170607,-9.830661735422249
-0.20572968582663123,-9.54248092162279
-0.3431259844899082,-8.302761498592188
-0.22107731491750418,-8.563328913111867
0.19934188579243522,-10.67531438401771
-0.026439024957850662,-10.005779071146074
-0.9969115233898584,-10.730200469294365
0.7593244697408145,-11.301872815832269
0.7168476451698846,-8.415161588361322
-0.12711150434039725,-12.19541739283402
0.9288887959197974,-9.69505191183268
-1.3657582114561595,-9.60480850779705
1.1751884211630383,-12.91355700494825
-0.6387582674437046,-8.397065170748427
-0.0017310344494431134,-9.744193353711342
-1.111453673080443,-11.26547087338376
-1.1133135096116957,-9.52598601952271
-0.2952007283971055,-9.324643732047717
0.498482957824934,-9.716921883677395
-0.4219765107905785,-7.552757363170597
1.032953201168877,-8.256631859504758
-1.7266135425031202,-10.443976227408069
-0.45752932404234076,-10.142866405491766
-1.5761829842548225,-9.685688982428816
0.19324754314018752,-8.657811002228941
-0.892988414197912,-9.73968388509191
-0.7609279424040337,-10.503426182470088
0.49719876674784785,-8.869528564893104
1.6841396331195755,-12.269367842794809
0.7983374276663304,-9.852348032503908
0.1336607605295055,-9.701525173753078
-1.059206963471103,-10.758767637564475
-0.702233049890392,-10.732588573296537
0.7411723289834818,-8.992025214337918
-2.0025126113009493,-8.73749534334657
-0.977083321400281,-10.765204837385943
0.5097431871759702,-10.413222356016675
-1.5288976815405984,-10.592722814977392
-0.8446883872079075,-9.56218406284808
-0.8773422439119876,-10.288217038225762
0.24558059421619424,-10.484217623934958
0.1570358246457578,-10.104160021537693
0.3880204364738084,-10.10436532158923
0.2368670565273087,-10.5815131998153
-1.4077475488913767,-9.206773775894066
0.38383152933493997,-9.439349574396863
1.604486787459002,-10.152022083552971
0.19400736081746006,-10.493654645557125
-1.591175032009289,-9.734543240473855
-1.3576005392774744,-7.839942379369436
0.00467743547268795,-10.769116181565122
0.707071841099269,-8.738352129852725
1.0200243520910086,-9.08056030373892
-0.0509541903535786,-9.297263349176209
-1.2914457636356798,-10.407460468244834
-0.25674421579916307,-10.312041935181002
0.11587746877584935,-10.22147800848278
-0.42079069994386875,-8.249956134802272
-1.3909178672536127,-11.25972828408943
0.4963827549872777,-11.087923593984005
-0.7885242232391734,-9.351688300085005
1.002044176046109,-9.909381358426568
-0.22237370082339156,-11.032427187531752
-0.6631723713197654,-9.559354061824026
1.6815475932521315,-9.781524759799579
0.20140182927081227,-9.77456584880642
1.4273388650856842,-8.119957622857632
1.457236897072796,-10.632990093531621
-1.4985730644037507,-11.594952729393118
-0.7656891314679053,-9.233132638898837
0.8696923869574442,-10.586927444213798
0.7804783427338311,-9.944809998841285
-0.48018463082939844,-8.726030892122651
-0.6380692111460546,-11.698228615069477
-1.2286504227254365,-10.38172846251241
1.2958194040996696,-9.461114795550829
0.3314055875024363,-10.958626804640001
-0.1750922247282079,-9.552901996767716
-0.1097357343008782,-8.281097532520901
0.30257531575789975,-11.52458708393707
-0.48551304210483653,-9.617665690212565
0.4539926543360056,-8.221870456013008
-0.27441909143214993,-9.643670153896585
1.3378529485488573,-10.697401312209468
0.7634260251741979,-9.500030885842746
-0.8657082804661741,-8.562419795270184
-1.5767999571386946,-10.684617952278254
-0.6420281153542936,-9.002737888487145
1.6840892826600435,-10.028040385841082
-1.6690331269141931,-9.222346445332807
0.861673144356392,-9.31166981627585
0.893350989065063,-8.528602688534185
1.6740114225180456,-10.988583084955824
-0.41459476993910455,-10.090963345795373
0.47841331554188316,-10.211146278014095
0.580790124405169,-9.766948019949197
-0.03702890257243477,-10.53964104956728
-0.22604311871171986,-10.635590267796708
0.14436427832235454,-10.374064913101401
-1.4092192140778004,-9.448553111243088
-0.7547167110417343,-9.818720715342392
-0.03521163819574639,-11.164173254058074
0.36313633477545704,-8.560407702968696
1.6020431814207639,-7.738077547409842
1.7631510264996433,-11.033433998897282
-0.3593407330766176,-8.989230592777494
-0.06140625168756673,-9.720351238511649
0.7172425739544832,-12.391830041902047
-0.7516576187033203,-9.389160196472679
0.18546572988432022,-9.693171068487779
2.058485829896008,-8.200711576226102
0.4263019170379235,-10.006528665214033
-0.15791038919816666,-8.363921879843955
0.6708240037017267,-10.095649190065789
0.32890519095769666,-8.823323578967413
-1.065395537751078,-10.210027111312353
-1.6181450011887333,-8.217275528285612
-1.3093154967716834,-10.529935670840864
-0.4319960869071986,-9.07522343391425
0.46678309748012664,-8.983818175879906
-0.690263191140421,-10.676456813840996
0.5895208427512975,-11.191496492208557
0.46611983921424976,-10.370028219308635
0.19201306269904617,-10.586341934155127
1.3617206190769917,-10.225794806955719
0.07790370024786769,-9.31208901434468
-0.7633756699108845,-9.760494101088074
0.55795011754262,-8.093922081280633
0.27900013367555115,-11.211032483093321
-0.8522459458383949,-10.953068248377553
-0.71405948804329,-9.675384276814802
0.021820827547379396,-9.51815282940232
-1.4292274242797804,-10.301949419671496
1.5008525007676832,-9.276715908853532
-1.7015483607674942,-10.807016812720185
-0.12600587677958883,-10.289157172019186
0.07858434910551407,-10.407499031116414
-0.6294677717904338,-10.987496566438658
-0.33081229561424563,-9.372997333648453
-0.43396302488326277,-9.277064480403972
-0.9304745728779111,-10.436520929465404
-1.313364930704617,-8.608177336156144
1.147826122800617,-9.818829300962499
-0.5360428836636961,-8.847022093753587
-0.15472653666061853,-9.917311007317016
0.7729851609794187,-9.407480193638921
0.7355401294341749,-9.811469191094808
-1.9576943879809492,-10.941618770331685
0.15278530595239043,-10.477873836971957
0.9905547762518699,-11.090982089475107
2.3041131662912795,-9.489959575942535
-0.4088641501740498,-8.518010378101437
-0.09908522073807192,-10.544158662215738
1.0830854642001422,-11.652497398748082
2.47240807339037,-10.676782600168597
-0.7669303992651166,-9.375549058416313
-2.4387097702649885,-8.582836185828487
-0.6499695535072112,-10.48892667192918
0.04082744912052074,-11.220898357708156
0.94331103900133,-9.660464017312831
-0.6326311171983239,-9.936474342892405
0.6895886789505299,-10.195185142373003
2.1095874068627687,-11.235868353955246
-0.8106532869215306,-10.171229750410578
-1.9501907324847705,-11.398219069191834
1.0156072275774983,-10.75253832595759
0.20597255739089093,-10.156929222620256
-0.1794397215854997,-9.537028270692176
1.1710651732107658,-9.5742128192659
-0.6668550247643737,-10.066076093815688
-0.830779425332786,-9.529934824966148
-0.12563754703035976,-10.610411795613238
-0.1717356269996291,-10.473318881440171
0.07128795602933481,-8.175687921883814
-0.5636005976213265,-8.716039031024735
0.05021559268027628,-11.16204985677552
-2.1165860330322777,-10.63948152115098
-0.5109234899615323,-9.827146500236804
1.6329564662537779,-9.219060175612022
0.9721651400928882,-11.128970044811359
0.752685975658674,-11.21519388701591
-0.6589713322357607,-11.420339285291599
0.29381783067013173,-10.904801795266636
1.0028874928961382,-8.549162848015381
-0.8774573147604359,-11.207149513182982
0.6444451165266575,-9.258238240511092
1.2560206625417565,-11.27869432975439
-0.5989006701273998,-11.558590248290031
0.16846007430199358,-11.482266581056567
-0.059291558927292154,-9.89673877700517
2.354315556860933,-11.528068962507682
-0.5120979332643887,-11.410078780398614
-0.9404074059875434,-9.54779861014962
0.4520639930775973,-7.896018097212252
-2.3942925225002796,-10.637641808077392
-0.7103441770768654,-9.54156407180171
0.07786043814602824,-8.375548613076864
0.27080514476602957,-11.114866182305132
-0.14863243225623665,-9.832140848616422
1.7478375827676622,-11.964462929870756
-0.8452344237911624,-10.423963072345598
-1.0409680436702005,-8.547353579301566
0.6087887094010339,-9.00944709709045
-0.041407695987058735,-9.650630243959865
-0.6363287416076281,-9.340150020015026
0.7569693797167093,-10.185664412908935
-0.3356396135241164,-9.855278260557055
0.3307073619127113,-10.593598588503363
-1.0167016904771982,-9.45433334302715
-0.4460410158569382,-11.541863949019671
-0.26082697189809567,-11.130045459242684
1.575218836577699,-9.863045737464187
-0.9776947645990476,-9.804688065205285
-0.887485803375901,-11.064503363750287
2.4932299031331957,-11.266072515466377
-2.2078564304634947,-9.723978280407783
1.0939462416960124,-10.276474820248922
0.3617983277812613,-9.434381550541849
0.38000512562290495,-9.3329268148613
1.2050757579633602,-10.995956548511394
1.18733041738334,-8.378501180681639
-0.9097135568691168,-8.39127817702805
0.897590439065708,-11.420230711724852
0.06367174329235584,-10.97860351604343
1.2361472307536296,-9.296687149877327
0.7352523681137926,-9.058113891226231
-1.6032432144093072,-11.393425050127277
0.06760121116685183,-11.454071985444235
1.5187105680907222,-10.730670370794366
0.18560965670129684,-9.565659775001546
-0.3073022387997993,-8.089587338379953
-0.22589491448623333,-10.803066308784784
-0.8678566136413339,-9.482909352685741
-1.3958063335427573,-11.53033015472234
0.761302831977158,-10.16201624778866
-0.8754630933799263,-10.821915663818327
-1.7711934346512606,-9.678362624301533
0.8866794620254358,-8.852599854619246
1.4498528023598813,-10.075209595568621
1.6348488262352023,-9.066782162687117
-0.44100260173232353,-9.228817256898399
9.818731921484854,-0.09902262124383326
9.183897460751306,0.29629618978477135
9.033639996632724,-0.3190837748203168
9.840754157771213,0.4155471011926883
11.730234939435295,0.2644472713594723
11.527584197561394,1.155336003396941
8.322273416290159,-1.0111583695046338
10.173923595221325,2.179378815947222
8.875256597759114,-0.2604540427085064
11.47568587302412,0.0677825624890508
11.097093764833286,-1.380228976244191
10.939316947243748,0.005719840952925547
9.468820220077893,2.3918226612343494
10.865059734185559,-0.6140942166730793
11.094843324815336,-1.943012662290969
8.635135617871263,-1.425041024475704
10.81161759339647,0.9258000804291956
10.084082248561433,1.1066435303931847
9.76595495339815,-1.4171861155202046
9.062181753012656,0.5351721586478573
9.085631280076532,-0.551663425753942
10.271547649216725,-0.12599143315791705
10.637186754696943,-1.1032766885372487
10.441571171760543,-0.20516505956592224
10.295255021927053,0.21452211857986622
11.073124168391994,0.7758232087306576
9.971929958854377,0.21283227366161472
10.886558150567426,0.33656149025308985
10.38051659238989,0.8623821598989543
9.097052230280163,-0.24636369397709132
9.062849243863525,0.362189335020788
10.342333724559605,0.478863602103674
8.507528718216314,-0.10158006342110124
7.855400116507599,-0.24874249390784406
10.851883922255569,0.642253720876927
11.03888133800762,0.7526738346890213
10.848616551779502,-0.5533470456396211
9.475494113258256,-0.444690767565059
9.839140018197034,-0.9041555765851451
8.876119106369027,0.503084276261105
9.318501377482207,0.022057811180959317
8.83241848288112,-0.3544274436941423
11.402934468284133,-0.36855302257678807
8.895407824171436,1.6426250856634699
9.501157542286306,0.10244878099450415
10.133048826777497,0.4966906947167836
10.42288533006736,0.15030155996094238
8.094296805379125,0.1646297360555178
8.850660435622052,0.8810599620276749
8.53881634837712,-0.6075431398946466
10.368165648436435,1.8321979409974483
7.799481058064611,1.213143757568988
9.348860038209962,-1.1850382658769978
9.994803936580325,1.5133717614563587
8.789579847145841,1.701847744501325
10.95050932330008,1.0608265965491859
11.185200449333426,-1.134296087427098
11.299998076680637,-1.409597651653458
10.698646718704767,0.6024513337246502
8.801363459517203,0.569690473012142
10.467742643718003,0.2927702912622042
10.165799101321161,0.1251132136971106
8.592348324969107,0.24825703095011023
7.338048379166175,-1.6061257113203862
9.733832306956307,1.179858757923415
8.277856374212265,-0.09935898462338565
10.42572047134249,-1.3411754696120706
8.413742228462887,-0.7750551096857529
10.746955696505754,-0.22277901380289405
9.458035151133355,0.2057736323617639
8.255830472413596,0.960230382107465
10.172423805884648,-0.9599772041878378
11.157634809028036,1.741127110298243
10.737614514291987,0.3693981374262793
10.769303888476783,-0.4443577968190849
9.813291066560286,2.6665155740579816
8.981256554417806,0.887140256857085
10.783804537677492,0.4949537248727116
10.060687918256814,0.11847732478975553
11.513877211444116,0.11392646111207168
9.7913120438544,-2.5348152390359964
9.512357273526009,-1.4496558389421577
8.952565896433732,-0.4212005244984807
10.724819311329323,-0.06664167446254474
9.348598191308344,0.16236176635988084
11.117217533423489,1.519486339587466
10.391308845496793,-1.5740340470539245
11.327122523499522,-0.29110035915855453
10.301635656513533,0.9595214604924861
8.257765394376936,2.512997130784876
9.825763301813025,1.3100973642596332
9.821371177625874,-0.9950526075086497
8.810274500909648,1.5254648579588441
9.323610059088056,-1.1615263331198593
10.167396703773836,0.49094915394503924
10.576745335664764,-0.3280459784776637
8.556787775967592,0.5344184043310276
10.812479157325539,1.3742112187739268
11.791458466798002,-0.37050192052339803
8.536687816126843,-1.7628888747056881
8.155253547846192,-0.4267695717456922
10.592474765237315,-0.9101551044475026
10.276266203081413,-0.80962913561608
8.448794895759105,1.055358984612752
9.400693635107041,-0.30290271596664636
10.527930729766293,1.2122209459841709
9.384973928159894,-0.4610411934872999
11.186295609129047,1.0170303381773418
10.47156175320952,1.4090107998196142
7.986817997816017,0.7430078651082613
9.623943428748039,0.008561739871106705
8.837145138364253,0.2783985167480839
10.774056455823906,-1.025462107339036
8.880016037368419,0.5948286436686694
11.393385281922335,1.0242416788012085
8.972261312468884,0.5526056498798367
7.967226144148565,-0.24524798295797046
8.9872347995287,0.49489010009885337
8.81212848496941,1.4047781552057816
9.246734000071047,0.3914891075554318
10.951626440486086,2.2072923308963
10.722000784990179,0.8369761903938215
7.881484468003546,0.9608952619692108
9.627601770753682,0.80110690522241
10.996710879648392,-0.9161528681779513
9.807170943444675,0.6042127849185414
8.627915056587582,0.7310985631850125
10.889974836039935,-1.108711037199682
9.358298102826156,-0.02880135712709579
9.624257446961636,-0.8076633409252132
8.941663456530083,-1.6800930230121462
9.76763905792369,-0.21650867460566084
11.043300864682138,-0.03387433724427407
10.239374919603058,-0.7861274492249192
10.102460533664612,-0.32521414780057195
10.605411029072117,-0.021788330648781416
11.697304074856982,0.8443340454742918
8.279747239047508,0.02674083402666606
11.358222368908566,1.8564879459105808
9.041180600710067,-1.710130582484992
10.241568914444152,-1.3823528279563277
11.639989098868728,1.6000518636800918
10.439746389296992,1.2832490843124382
9.076797844531205,-1.179976289040084
12.251805990917592,-0.14670291355970927
9.876505793634545,0.5443967437423102
10.544320949218411,-1.9870446395380215
10.377280216828717,0.2383055582846601
9.834160273267582,0.5552486819799619
10.782783421646359,0.2749556662817113
9.76349991026989,0.3800535139589647
9.893647834794328,0.5972214989820342
9.20204379836092,0.11526191202272758
8.760265951777823,-0.2885615792467453
10.926383490034148,-0.021593194884780783
9.226621955418887,0.9968232579926041
11.0846928220231,-0.17860592600739927
9.711378174375762,0.4942778968483561
10.240475965959016,1.3450620386343797
11.427613865883519,0.9459295860890714
10.640358648638323,-0.08464206504225255
9.956054887483065,0.9444489893449383
9.699756250770964,-0.7976197577067059
10.521891254571353,-0.038353176143643836
9.866914223681151,1.4434158847700163
10.197365809373206,1.2077089721408825
8.965730097643954,-1.0249256083972498
11.345348598998838,0.8473521169624302
10.733879173003992,0.28333010970843253
9.89158961370409,-2.167436303416813
10.653632335751825,-0.36145048296847104
9.540560572693373,-0.5706410490237568
10.108829799732225,-0.9024137519317295
8.873610203757893,-0.5636139172534047
10.210662067984703,1.3939110022899608
9.683098723568584,-1.732082295142541
11.057810926997224,-0.08841095902567525
9.451249275934897,0.36955468265397196
9.452538538853432,-0.44408923988003624
9.923743381226785,0.9076960514639162
9.303504469970362,-1.1429314235681223
10.856887186755676,-0.7581589908161472
9.81813262394162,1.2194874691753035
10.79748737959449,0.3207697490805299
10.673298091854937,0.3967598972973274
9.308613088107691,-0.8573872729524253
11.908573251081329,-0.12766393186322417
10.677590179541294,0.3427767064781058
9.645229894911303,0.4669354832470242
10.526479135615382,-0.8386750960008975
9.792629332566937,0.46599759396650087
9.800584087955356,-1.969104290759682
11.048405554547765,-0.5024556585080485
8.439255003679216,1.6413296827383455
10.89181092434743,0.24602122044897703
10.56521894281487,-0.531462421755895
10.514502564306047,0.7170530684326495
9.48209769081349,-0.6694541681463348
10.063020374522203,-0.2888325222891411
9.640989706042108,-0.807960850192165
10.743805976721083,0.5124479140689577
10.07359898499348,0.5230329215092898
9.76593336278816,-0.7493771027511854
11.088168141606207,-1.2409128025738314
9.216234589494057,-1.2460811347811926
10.13781614220901,-0.4708483121400927
10.51489202570285,0.8659378261600553
10.090752907168536,-0.43031319782798205
12.446366862643863,0.47001661956439794
8.999855380969178,-0.2089549520828464
11.846409104755613,0.7924092602469275
9.672779671588513,0.6192965278349954
12.028653388480752,-1.0700145078255545
8.315052107664108,-0.7712738373945408
9.712835420377042,-0.852084036795986
11.157654458454633,0.3720297576931124
9.826971231889123,0.6868539495796465
10.650468044001748,-0.16346003637302534
9.469183399170566,0.6204942532264983
10.310870144995958,-0.24785640874142106
9.671811127688825,0.9080133676730476
10.456718667263962,-1.8034286158648334
10.500110374868981,-3.1886175898807396
10.002778529663638,-0.06618690691861621
10.590266793545398,0.33988248524531073
9.77116468602066,-0.5699180661424008
9.152772748045471,-0.29743064032587335
10.85347276326274,0.09527635761072492
10.837663164754492,-0.8852928620568751
7.849981151819143,-0.9795023875908918
9.776621817704594,0.10105896877546174
8.284900695869304,0.02696458989147398
12.517968803871291,1.553617996335416
8.290363625248034,1.4302885713331663
10.88208868836596,-0.135445268439374
11.186204105842993,-1.4174385287228757
9.219959630506146,0.8851596969750803
8.885145094510127,-0.03401256238311453
10.663930176600296,0.49080788324474245
8.271657327394289,1.7833136601994617
10.337212054498423,0.6859639846290483
9.74217594433695,-0.2563878008610784
10.955172926930421,-0.2789897621677662
11.829800280102777,-1.0810750498569612
10.454820253110361,-0.9531069290211756
10.060002456871619,0.026708657851316795
10.08922101352191,-0.5406308645553018
9.831346670767404,1.2154553152295224
10.832722572019861,-0.9606950584135566
12.606997206808002,0.8673376550936613
-8.794787542686677,0.4489988685814424
-9.638671248987952,-0.5035824113514715
-9.901786853385229,0.2896956740922627
-10.755471514094618,1.6352962914993197
-10.104413458770214,-0.961384646402772
-9.843764984025189,-1.1084484546035247
-10.365037651684839,1.2141800229222572
-10.435421449327707,-0.0640078465664751
-10.32250798172854,-0.04209066387223935
-8.609997310490378,-1.049204087132803
-9.144619357480297,-2.0149305100611277
-9.679457222648344,-0.16893881120505755
-10.623810178918445,1.5600596395858002
-10.816748340210214,-0.12824753852686396
-10.789017395356137,0.3552224994677969
-10.426895592371922,0.43371160664061004
-10.422206121880196,1.7483722559946326
-9.350332364897772,0.6184315743339559
-10.60384580114499,2.2207537607169128
-9.606688263178516,-0.3414484014461012
-9.495676823944054,-2.7507668000825793
-9.414815938826244,0.01283869952072261
-10.589173253483771,-2.1040607102460673
-9.85829163261529,-1.679275821317751
-11.620642909594851,-1.226026805626168
-11.051513266168373,1.443123068630307
-10.707716329942222,-1.048455414920868
-9.40718182173834,0.05711878215007309
-7.829613549911896,-1.2070523040844539
-12.488599455468876,-0.28118499827799676
-9.047030656599667,-0.6172764516287899
-10.58248335991672,0.34677473245025603
-10.055176926969484,-1.0008546372573557
-12.226784785818818,-1.615345825765115
-11.127856388676742,0.5497138020377925
-9.988986693581795,0.2043980949386398
-11.643571077828119,-1.2456823248739697
-11.852822055993062,-2.3028318247773445
-8.749983229729388,-1.511918575575533
-9.276898287731585,1.0458431327796278
-8.510346605140427,0.5967699256604304
-11.071437249898691,-0.344317394522719
-10.433109849435159,1.8581769955724825
-9.380986040505299,-0.2654814496796306
-9.72271250877894,-0.7380366636038502
-10.24647744868086,-0.34119815193274944
-11.459257059227477,-0.3578946428103409
-10.667061981143693,-0.7536615589644942
-11.138084959051174,1.529292135496709
-7.715795258120637,0.2494415115722086
-10.623750185497832,-1.7624913745282524
-9.133226857667829,-0.7872302190026369
-9.387054961353185,-1.6246089805970323
-11.727764518510483,-0.854287047199769
-10.98354538539135,0.9993575097415863
-11.335402150574986,-1.6290020662771432
-9.916524241764767,1.3360835754494842
-9.686846089946448,-0.11703978674715904
-10.111803211115618,-0.028524895427574172
-10.70604866444157,-0.3915702723497594
-9.249332890083254,1.1881897485547144
-10.574151215477466,-1.2178613557951317
-10.8406864159231,-1.9113840973808658
-9.678560461712758,-2.0407485449422733
-12.46092720161597,-1.8501986115174203
-10.155327308942402,-0.6053350325565611
-10.67891895753227,-0.11369011522325262
-12.424098823141263,-0.9458044657287525
-9.836746747886213,-0.23135918492724333
-10.078268573343216,-0.8924434039905117
-9.711505427699034,0.48559907996276613
-9.39366486472278,-0.03466729706799534
-8.199155803866184,-0.33277230029211874
-10.363823332736228,-0.1687297051896878
-7.725765693871218,-0.865947743993853
-11.389087593376388,-1.1583532723169763
-9.97744724370758,-1.1864712484722442
-10.789773174970273,0.15547162413256985
-10.28148373836474,-0.13574528029238003
-9.801925875780057,1.751308781694503
-10.086243596052734,-0.023518336684668663
-10.599705338259135,0.47208047142356807
-9.776173360824874,-1.8737655133045685
-9.155532824684087,0.5764939310480537
-9.168615001382433,-0.12045936995832619
-10.11503185212281,0.3532172477350212
-8.639523631181703,-0.19661408392632504
-9.148935096198148,0.20252907840039333
-11.366425905359293,-0.3675393473888566
-9.810518457660887,-1.1428741421919415
-9.260276620739663,-1.6285288118352281
-10.432867175968086,0.8343146671029793
-10.301797725981453,1.466865737292353
-9.726624355010168,0.4065558971385248
-13.022844626009372,0.8507592903606926
-8.574417766421957,-0.6481594443569
-8.157363391581843,-0.647038388475589
-10.445796333806332,-0.34432360185759187
-9.379297880658774,1.1079251582551277
-10.198938597914774,0.12135652906979938
-10.051088764848783,0.3185526740194308
-9.38654713544054,-0.8042988586734705
-9.368388032484786,0.9472145269739244
-8.677505776820322,-2.0821659026342965
-10.735748838085598,0.46030029039266884
-9.746169946706686,2.124523853552327
-8.530601072354793,-0.10591176694454368
-9.368191554679175,-0.35859805421217805
-10.33273390720371,-2.0118868108544024
-10.492307315113582,1.1600536013087377
-11.549256964389109,0.336524814381001
-10.34061477791621,0.06468408401485858
-12.790068183618464,0.02172185996483115
-9.322659793801607,0.18236337200890335
-10.242283098365409,1.254695679598035
-11.172147558236114,0.7370951383503211
-8.259701599162492,0.30831147602631526
-9.83684512708755,0.015432035810126317
-10.940839228435763,0.6136641604643345
-9.535548096559216,-1.391842821091345
-9.492546407472124,1.0863568171451499
-9.37404240897533,-0.5086443072806034
-10.418014177876739,0.7656443569818943
-9.872155054343605,0.4966283344814766
-10.06046120389452,-0.5844488509715635
-8.431825191076522,1.9004851209119131
-10.257892602609909,-0.43239744869829355
-9.131798285673852,2.957189869445577
-9.768532215458018,-0.667765846266277
-10.441248192346386,0.27912298878560526
-11.07751598424138,-0.3605231388491155
-9.129953544355075,0.7559340506647357
-7.631208725121735,2.0038435286599663
-8.931403165217315,0.5430792220635462
-10.645021591748282,0.3702648599741624
-9.674681345852346,1.428242491510827
-11.479011061088642,0.04782230111481336
-7.541203647181696,-1.7278315736325585
-11.24851183541747,0.9595939895793474
-9.997258706421494,0.3895584707328446
-10.809420518473363,-0.7998786769448194
-10.128820510020715,0.5663228071183496
-10.940838760222139,-0.014252112879636599
-10.457998808270597,-0.030583364304230528
-10.753671457967135,-0.3538372658497351
-9.889604578447237,0.11754160440504217
-8.94638191571532,-0.6418503734166255
-11.497555859843196,-0.3340850280195567
-11.294984438292262,0.2405464371705687
-10.049650230886355,1.185524588380267
-11.081932438251329,0.1693043663577503
-9.7354718848736,-0.44400965675331244
-8.535924545614078,0.9904363497781996
-10.364399629680083,0.37900581664266875
-10.23466352220524,-0.30076314322798753
-10.478878364433598,-0.27192611235595365
-11.614016258465114,0.06746420042487823
-11.351260569853306,-1.4002211670044
-10.893668479593195,0.4028392251851973
-8.442779455307587,-0.7550899582880269
-9.441304620910605,-1.277338040785699
-9.977417825414737,-0.8636441991682903
-10.69124840993053,0.32878333005868304
-8.71540535239361,-0.8873588774145985
-9.473088161153061,-0.10255454703531919
-10.619593381544744,-0.273986074871501
-9.826495704977336,-0.05821385363788302
-11.576192307213734,1.0678663537320734
-10.07813017707811,-0.0962450827041622
-9.009929731165904,-0.26378896892851544
-9.697192015011458,-0.9740219325544275
-8.37734545354462,-0.6599303580339163
-8.026426726384782,-0.6633319332837725
-9.294175654388003,0.7681867236651776
-7.709422128649653,-1.2025738652796236
-10.145745313244744,0.6521963853715282
-9.030480362048433,1.1533125523696073
-10.394414925020717,0.45678387215659183
-9.00270360705153,-0.6116697466554202
-10.560890908613375,0.4504888844634828
-9.69415844610355,0.20984084967737093
-9.604703323226598,-0.7360839823722974
-9.635375198623025,0.7614821195851842
-9.225486389378508,0.9570645222539844
-10.095478360816955,-0.9725998211917295
-9.548600811161391,0.28469707950971385
-9.902001475237483,-0.05277944652169978
-10.181211300059651,-1.5548603591240628
-8.611375518297153,0.2942316173669453
-10.089459744240935,0.0819063001862702
-9.551639938585634,1.3362808125660115
-11.089531722560483,-1.1673105385973839
-9.126751993802966,-0.39848504601692186
-10.178378758568376,-0.15119927062014865
-11.25763467536847,0.5388367768584114
-10.861310724543577,0.8629979004184803
-9.970039605685633,1.9126486610895608
-11.151616443684999,0.8710216124166801
-10.365208327027613,0.06392140439439797
-8.984857866354918,-0.5819149240346813
-10.643496200750786,0.15109241791639527
-9.793829650758573,-0.09810219159856197
-8.53604370576481,0.8902452079286214
-9.79660752912173,0.14788670776776003
-11.524553976752733,0.5139419664972482
-10.462264920373942,0.21910752870570013
-10.15316576572979,0.11002266650621641
-9.122687286777031,-0.43888489175398393
-10.947315253890052,1.1717487921077614
-11.320730803520012,0.1991818915728356
-9.348344148260647,-1.3988624139749306
-11.616951340470486,-0.6644509113677836
-11.3220540777521,0.3017490367662637
-8.788620824766971,-0.42925007708297375
-9.413793597291512,0.5397986852226163
-8.765225303374601,-0.0022017008112764063
-11.022633046114457,-0.7018461350491739
-8.696685852076124,0.5553786328305693
-9.151326582087396,-0.0505500845881696
-11.724252774867242,0.5800765208837247
-9.456668751212748,-0.9427180821063049
-9.150486398844816,-1.4390353726746496
-11.080415143100383,0.040881531563189986
-10.53703909904412,0.40726890014997297
-10.150031349275373,-0.62191493031869
-10.963487827305318,-0.3309358063955328
-11.395713932735186,-0.9639334481620166
-10.022098492955871,0.5559729152373241
-8.947678889458997,-0.3340745783547236
-11.008504709876778,0.8732440157494598
-10.911568992481218,0.5509958827696961
-10.217033252316254,1.7901334869564272
-9.760241746592262,-0.4748941166078717
-9.936328438226832,-1.071398648701198
-9.039964506058745,-0.189698039918242
-10.772424776991254,-0.20961967350121652
-9.190459241135617,0.4047990577663642
-9.289965978564561,1.2308732102298054
-8.957912981379968,0.24911822258669553
-7.637462024699141,-1.1593741934197277
-9.777903818881658,-1.112592094633665
-9.278639515519497,-0.12238589391230967
-8.904554187656988,-0.10552961866775586
-10.7721167699374,1.5410160550286625
-11.616423962353,0.6524467691618752
-10.027092957998335,0.8316318454048223
-9.127277881074255,-0.18691910331753162
-8.797291530472858,0.062248208300609995
-9.514247272965019,-0.30962818001874143
-10.666118443491852,0.8134893171861299
